{"cameraMode":{"drawMode":0,"name":"Shaded","section":"Shading Mode"},"sceneLighting":false,"audioPlay":false,"sceneViewState":{"showFog":true,"showMaterialUpdate":false,"showSkybox":false,"showFlares":true,"showImageEffects":true,"showParticleSystems":true},"in2DMode":false,"pivot":{"x":-5.865999221801758,"y":0.3389885425567627,"z":7.694999694824219},"rotation":{"x":-0.27471935749053957,"y":0.6879227161407471,"z":-0.3199290335178375,"w":-0.5907090306282044},"size":1.570106029510498,"orthographic":false}