{"cameraMode":{"drawMode":0,"name":"Shaded","section":"Shading Mode"},"sceneLighting":false,"audioPlay":false,"sceneViewState":{"showFog":true,"showMaterialUpdate":false,"showSkybox":false,"showFlares":true,"showImageEffects":true,"showParticleSystems":true},"in2DMode":false,"pivot":{"x":-0.46640515327453616,"y":-0.775543212890625,"z":0.026475220918655397},"rotation":{"x":-0.2923257350921631,"y":0.6824713945388794,"z":-0.34882932901382449,"w":-0.5719236135482788},"size":4.216189384460449,"orthographic":false}